{
	"format_version": "1.12.0",
	"minecraft:geometry": [
		{
			"description": {
				"identifier": "geometry.unknown",
				"texture_width": 64,
				"texture_height": 64,
				"visible_bounds_width": 3,
				"visible_bounds_height": 1.5,
				"visible_bounds_offset": [0, 0.25, 0]
			},
			"bones": [
				{
					"name": "stunfisk_galar",
					"pivot": [6, 0, 4]
				},
				{
					"name": "body",
					"parent": "stunfisk_galar",
					"pivot": [6, 0, 4]
				},
				{
					"name": "frontbodyfull",
					"parent": "body",
					"pivot": [6, 0, 3]
				},
				{
					"name": "frontbody",
					"parent": "frontbodyfull",
					"pivot": [6, 0, -7],
					"cubes": [
						{"origin": [-7, 0, -8], "size": [14, 0, 11], "uv": [-11, 12]}
					]
				},
				{
					"name": "frontfang",
					"parent": "frontbody",
					"pivot": [4, 0, 15],
					"cubes": [
						{"origin": [7, 0, -6], "size": [0, 2, 1], "uv": [14, 24]},
						{"origin": [6, 0, -6], "size": [1, 2, 0], "uv": [14, 25]},
						{"origin": [-7, 0, -6], "size": [1, 2, 0], "uv": [14, 25]},
						{"origin": [-7, 0, -6], "size": [0, 2, 1], "uv": [62, 22]},
						{"origin": [-6, 0, -7], "size": [12, 3, 0], "uv": [1, 28]},
						{"origin": [6, 0, -7], "size": [0, 3, 1], "uv": [12, 27]},
						{"origin": [-6, 0, -7], "size": [0, 3, 1], "uv": [12, 27]},
						{"origin": [-5, 0, -8], "size": [10, 4, 0], "uv": [1, 32]},
						{"origin": [5, 0, -8], "size": [0, 2, 1], "uv": [14, 24]},
						{"origin": [-5, 0, -8], "size": [0, 2, 1], "uv": [62, 22]}
					]
				},
				{
					"name": "mouthtopteeth",
					"parent": "frontbody",
					"pivot": [0, 0, -2],
					"cubes": [
						{"origin": [-1, 0, -2], "size": [2, 2, 1], "uv": [39, 0]}
					]
				},
				{
					"name": "mouthbottomteeth",
					"parent": "frontbody",
					"pivot": [0, 0, -2],
					"cubes": [
						{"origin": [-1, 0, -3], "size": [2, 2, 1], "uv": [45, 0]}
					]
				},
				{
					"name": "wings",
					"parent": "frontbodyfull",
					"pivot": [-8, 0, -2]
				},
				{
					"name": "leftwing",
					"parent": "wings",
					"pivot": [7, 0, 1],
					"cubes": [
						{"origin": [4, 0, 0], "size": [5, 0, 5], "pivot": [8, 0, 1], "rotation": [0, 180, 0], "uv": [24, 0]}
					]
				},
				{
					"name": "rightwing",
					"parent": "wings",
					"pivot": [-7, 0, -2],
					"cubes": [
						{"origin": [-12, 0, -3], "size": [5, 0, 5], "uv": [24, 0]}
					]
				},
				{
					"name": "head",
					"parent": "frontbodyfull",
					"pivot": [0, 0, -3],
					"cubes": [
						{"origin": [-1, 0, -4], "size": [2, 2, 2], "uv": [32, 9]}
					]
				},
				{
					"name": "backbodyfull",
					"parent": "body",
					"pivot": [7, 0, 3]
				},
				{
					"name": "backbody",
					"parent": "backbodyfull",
					"pivot": [4, 0, 4],
					"cubes": [
						{"origin": [-7, 0, 4], "size": [14, 0, 11], "uv": [-11, 0]}
					]
				},
				{
					"name": "backfang",
					"parent": "backbody",
					"pivot": [4, 0, 15],
					"cubes": [
						{"origin": [-7, 0, 13], "size": [14, 3, 0], "uv": [31, 6]},
						{"origin": [7, 0, 12], "size": [0, 3, 1], "uv": [44, 5]},
						{"origin": [-7, 0, 12], "size": [0, 3, 1], "uv": [44, 5]},
						{"origin": [-6, 0, 14], "size": [12, 3, 0], "uv": [31, 10]},
						{"origin": [6, 0, 13], "size": [0, 3, 1], "uv": [42, 9]},
						{"origin": [-6, 0, 13], "size": [0, 3, 1], "uv": [42, 9]},
						{"origin": [-5, 0, 15], "size": [10, 3, 0], "uv": [31, 14]},
						{"origin": [5, 0, 14], "size": [0, 3, 1], "uv": [40, 13]},
						{"origin": [-5, 0, 14], "size": [0, 3, 1], "uv": [40, 13]}
					]
				},
				{
					"name": "middlebody",
					"parent": "backbodyfull",
					"pivot": [6, 0, 4],
					"cubes": [
						{"origin": [-7, 0, 3], "size": [14, 0, 1], "uv": [-1, 11]}
					]
				}
			]
		}
	]
}