{
 "enabled": true,
 "neededInstalledMods": [],
 "neededUninstalledMods": [],
 "spawns": [
   {
     "id": "stunfisk-galarian-1",
     "pokemon": "stunfisk galarian",
     "presets": [ "water" ],
     "type": "pokemon",
     "context": "submerged",
     "bucket": "uncommon",
     "level": "38-50", 
     "weight": 5,
     "condition": {
       "isRaining": "true",
       "biomes": [ "#cobblemon:is_forest" ],
	   "maxDepth": 3
     }
   },
    {
     "id": "stunfisk-galarian-2",
     "pokemon": "stunfisk galarian",
     "presets": [ "natural" ],
     "type": "pokemon",
     "context": "grounded",
     "bucket": "uncommon",
     "level": "38-50",
     "weight": 5,
     "condition": {
       "canSeeSky": "false",
       "maxY": 0
     }
   },
    {
     "id": "stunfisk-galarian-3",
     "pokemon": "stunfisk galarian",
     "presets": [ "water" ],
     "type": "pokemon",
     "context": "submerged",
     "bucket": "rare",
     "level": "38-50",
     "weight": 0.5,
     "condition": {
       "isRaining": "true",
       "biomes": [ "#cobblemon:is_savanna" ],
	   "maxDepth": 3
     }
   }
 ]
}